{
	"class_name" : "PinholeCameraParameters",
	"extrinsic" : 
	[
		0.99343014335590807,
		-0.10544699137278296,
		-0.044468891174488191,
		0.0,
		0.10913039786536724,
		0.9898804590737853,
		0.09070409585911178,
		0.0,
		0.034454412396772729,
		-0.094961090738789056,
		0.99488455848510016,
		0.0,
		3.4049028142687559,
		1.5896018820507156,
		11.27710288828621,
		1.0
	],
	"intrinsic" : 
	{
		"height" : 1080,
		"intrinsic_matrix" : 
		[
			935.30743608719376,
			0.0,
			0.0,
			0.0,
			935.30743608719376,
			0.0,
			959.5,
			539.5,
			1.0
		],
		"width" : 1920
	},
	"version_major" : 1,
	"version_minor" : 0
}