{
	"class_name" : "PinholeCameraParameters",
	"extrinsic" : 
	[
		0.99940297884016494,
		0.028518846673645598,
		-0.019502852863367361,
		0.0,
		-0.02135760253184972,
		0.95367004304906278,
		0.30009548781161377,
		0.0,
		0.027157663734139383,
		-0.29949979027572626,
		0.953709776045784,
		0.0,
		-1.978971585724395,
		1.639126130344275,
		17.365767063092633,
		1.0
	],
	"intrinsic" : 
	{
		"height" : 1080,
		"intrinsic_matrix" : 
		[
			935.30743608719376,
			0.0,
			0.0,
			0.0,
			935.30743608719376,
			0.0,
			959.5,
			539.5,
			1.0
		],
		"width" : 1920
	},
	"version_major" : 1,
	"version_minor" : 0
}