{
	"class_name" : "PinholeCameraParameters",
	"extrinsic" : 
	[
		0.96975181266816501,
		-0.15843588122938423,
		-0.185686546001256,
		0.0,
		0.216864817936473,
		0.90838082573380652,
		0.35751073575565295,
		0.0,
		0.11203156951586697,
		-0.38696556303918878,
		0.91526312088577844,
		0.0,
		3.1458850956130857,
		3.7489464618627757,
		17.021968149078177,
		1.0
	],
	"intrinsic" : 
	{
		"height" : 1080,
		"intrinsic_matrix" : 
		[
			935.30743608719376,
			0.0,
			0.0,
			0.0,
			935.30743608719376,
			0.0,
			959.5,
			539.5,
			1.0
		],
		"width" : 1920
	},
	"version_major" : 1,
	"version_minor" : 0
}